Id,Top,Name,Weight,Height,Age,Citizenship,Team,Jersey,Position,Appearances,Sub Ins,Total Play Time,Average Play Time,Fouls Suffered,Fouls Committed,Own Goals,Yellow Cards,Red Cards,Offsides,Goal Assists,Shots On Target,Total Shots,Total Goals,Goals Conceded,Update Time
21,11,Emile Smith Rowe,172,72,21,England,Arsenal,10,Midfielder,24,8,1591,67.3,14,4,0,0,0,3,2,19,30,9,21,2022-03-19T16:05:03Z
243,12,Bruno Fernandes,150,70,27,Portugal,Manchester United,18,Midfielder,27,1,2423,90.7,34,29,0,7,0,12,6,19,65,9,35,2022-03-19T16:05:01Z
339,13,Kevin De Bruyne,150,71,30,Belgium,Manchester City,17,Midfielder,22,5,1632,75.2,20,13,0,0,0,7,3,19,55,9,14,2022-03-19T16:05:00Z
20,17,Bukayo Saka,141,70,20,England,Arsenal,7,Midfielder,28,2,2224,80.4,40,20,0,4,0,1,5,21,64,8,22,2022-03-19T16:05:03Z
521,22,Conor Gallagher,,72,22,England,Crystal Palace,23,Midfielder,25,0,2319,93.8,45,45,0,8,0,2,3,17,39,8,29,2022-03-19T16:05:01Z
585,23,Mason Mount,152,70,23,England,Chelsea,19,Midfielder,24,5,1765,74.5,14,21,0,2,0,4,7,21,48,8,13,2022-03-19T16:04:58Z
175,24,James Maddison,161,69,25,England,Leicester City,10,Midfielder,25,6,1700,69,39,7,0,2,0,2,3,19,51,7,33,2022-03-19T16:05:05Z
341,26,Phil Foden,152,67,21,England,Manchester City,47,Midfielder,21,3,1699,81.9,17,13,0,1,0,2,3,17,46,7,11,2022-03-19T16:05:00Z
345,27,Bernardo Silva,139,68,27,Portugal,Manchester City,20,Midfielder,28,0,2533,91.5,28,23,0,5,0,3,2,14,39,7,17,2022-03-19T16:05:00Z
179,31,Youri Tielemans,159,69,24,Belgium,Leicester City,8,Midfielder,21,2,1813,87.3,27,19,0,1,0,6,2,13,44,6,30,2022-03-19T16:05:05Z
215,32,Jacob Ramsey,,,20,England,Aston Villa,41,Midfielder,27,4,2037,76.4,35,20,0,4,0,1,1,9,27,6,23,2022-03-19T16:05:04Z
314,34,Maxwel Cornet,150,70,25,Ivory Coast,Burnley,20,Midfielder,17,3,1133,67.6,13,13,0,2,0,0,0,13,27,6,15,2022-03-19T16:05:03Z
433,35,Pablo Fornals,148,70,26,Spain,West Ham United,8,Midfielder,27,2,2224,83.4,19,19,0,4,0,3,2,10,34,6,27,2022-03-19T16:04:59Z
469,36,James Ward-Prowse,146,68,27,England,Southampton,8,Midfielder,27,0,2569,96.1,14,20,0,3,1,3,4,11,38,6,42,2022-03-19T16:05:00Z
579,38,Jorginho,141,71,30,Italy,Chelsea,5,Midfielder,24,3,1959,82.6,34,24,0,4,0,1,2,7,13,6,13,2022-03-19T16:04:58Z
582,39,Kai Havertz,183,74,22,Germany,Chelsea,29,Midfielder,20,4,1366,69.3,21,29,0,2,0,3,2,15,37,6,9,2022-03-19T16:04:58Z
19,40,Martin Ødegaard,150,70,23,Norway,Arsenal,8,Midfielder,26,4,1977,77,12,17,0,2,0,7,3,9,29,5,22,2022-03-19T16:05:03Z
342,46,Ilkay Gündogan,174,71,31,Germany,Manchester City,8,Midfielder,20,5,1429,72.4,8,10,0,1,0,1,4,13,38,5,8,2022-03-19T16:05:00Z
491,49,Jack Harrison,152,69,25,England,Leeds United,22,Midfielder,27,3,2080,78,18,25,0,3,0,5,1,13,31,5,57,2022-03-19T16:04:58Z
111,58,Rúben Neves,174,71,25,Portugal,Wolverhampton Wanderers,8,Midfielder,28,2,2431,87.8,11,24,0,9,0,12,2,13,37,4,21,2022-03-19T16:05:04Z
245,60,Daniel James,168,67,24,Wales,Leeds United,20,Midfielder,28,2,2271,82.1,28,23,0,6,0,4,3,15,51,4,42,2022-03-19T16:04:58Z
304,62,Fabinho,172,74,28,Brazil,Liverpool,3,Midfielder,22,1,1980,91,23,29,0,5,0,2,1,8,16,4,13,2022-03-19T16:05:00Z
371,63,Alexis Mac Allister,159,69,23,Argentina,Brighton & Hove Albion,10,Midfielder,24,11,1444,61.2,23,18,0,3,0,0,2,7,39,4,21,2022-03-19T16:05:02Z
435,66,Manuel Lanzini,128,66,29,Argentina,West Ham United,10,Midfielder,22,10,1324,61.2,12,7,0,2,0,1,2,6,13,4,18,2022-03-19T16:04:59Z
438,68,Tomás Soucek,190,76,27,Czech Republic,West Ham United,28,Midfielder,27,0,2559,95.8,16,31,0,2,0,0,1,9,39,4,33,2022-03-19T16:04:59Z
456,69,Mohammed Elyounoussi,152,70,27,Norway,Southampton,24,Midfielder,22,5,1620,74.6,12,22,0,3,0,3,1,15,37,4,20,2022-03-19T16:05:00Z
586,70,Christian Pulisic,150,68,23,United States,Chelsea,10,Midfielder,15,5,1012,68.5,23,10,0,2,0,2,1,8,16,4,6,2022-03-19T16:04:58Z
587,71,Hakim Ziyech,141,71,29,Morocco,Chelsea,22,Midfielder,15,4,1018,68.9,25,17,0,3,0,6,2,14,37,4,5,2022-03-19T16:04:58Z
669,74,Philippe Coutinho,150,68,29,Brazil,Aston Villa,23,Midfielder,10,1,817,82.7,8,3,0,0,0,3,3,9,24,4,7,2022-03-19T16:05:04Z
169,80,Harvey Barnes,146,69,24,England,Leicester City,7,Midfielder,21,3,1547,74.7,18,12,0,2,0,2,5,19,45,3,25,2022-03-19T16:05:05Z
212,82,John McGinn,150,70,27,Scotland,Aston Villa,7,Midfielder,26,0,2424,94.2,50,41,0,6,0,5,2,7,29,3,32,2022-03-19T16:05:04Z
244,83,Fred,139,67,29,Brazil,Manchester United,17,Midfielder,23,2,1847,81.3,23,24,1,5,0,2,4,9,16,3,22,2022-03-19T16:05:01Z
311,85,Bryan Mbeumo,,67,22,France,Brentford,19,Midfielder,26,1,2258,87.8,24,17,0,4,0,4,3,9,47,3,34,2022-03-19T16:05:01Z
316,86,Yoane Wissa,161,69,25,France,Brentford,11,Midfielder,21,15,859,41.9,14,4,0,0,0,1,0,6,16,3,15,2022-03-19T16:05:01Z
337,88,Rodri,181,75,25,Spain,Manchester City,16,Midfielder,24,0,2223,93.6,12,33,0,5,0,4,1,8,28,3,14,2022-03-19T16:05:00Z
646,95,Jeff Schlupp,159,70,29,Ghana,Crystal Palace,15,Midfielder,23,9,1383,61.1,14,18,0,1,0,3,1,5,25,3,12,2022-03-19T16:05:01Z
647,96,Andros Townsend,170,71,30,England,Everton,14,Midfielder,21,4,1531,73.9,39,8,0,3,0,0,2,9,21,3,28,2022-03-19T16:04:58Z
19,98,Thomas Partey,170,73,28,Ghana,Arsenal,5,Midfielder,23,1,2062,90.7,16,27,0,3,0,4,1,8,43,2,22,2022-03-19T16:05:03Z
22,99,Joe Willock,157,70,22,England,Newcastle United,28,Midfielder,24,3,1839,77.6,21,29,0,0,0,1,0,9,30,2,29,2022-03-19T16:05:04Z
47,100,Emiliano Buendía,159,68,25,Argentina,Aston Villa,10,Midfielder,26,7,1613,63,33,7,0,1,0,2,4,10,32,2,24,2022-03-19T16:05:04Z
110,101,João Moutinho,132,67,35,Portugal,Wolverhampton Wanderers,28,Midfielder,27,1,2405,90.1,13,28,0,2,0,2,1,6,15,2,22,2022-03-19T16:05:04Z
114,102,Daniel Podence,128,65,26,Portugal,Wolverhampton Wanderers,10,Midfielder,24,10,1498,63.4,24,8,0,2,0,2,3,15,32,2,12,2022-03-19T16:05:04Z
115,103,Romain Saïss,174,75,31,Morocco,Wolverhampton Wanderers,27,Midfielder,28,0,2629,94.9,14,26,0,5,0,5,0,6,15,2,23,2022-03-19T16:05:04Z
141,105,Abdoulaye Doucouré,163,72,29,France,Everton,16,Midfielder,20,0,1895,95.8,13,26,0,4,0,1,4,7,24,2,29,2022-03-19T16:04:58Z
161,107,Dejan Kulusevski,174,73,21,Sweden,Tottenham Hotspur,21,Midfielder,8,2,625,79.1,8,10,0,1,0,1,4,5,15,2,7,2022-03-19T16:04:59Z
207,110,Jack Grealish,150,69,26,England,Manchester City,10,Midfielder,19,2,1512,80.6,42,11,0,2,0,4,2,14,33,2,5,2022-03-19T16:05:00Z
246,111,Jesse Lingard,137,69,29,England,Manchester United,14,Midfielder,13,12,267,21.5,2,4,0,1,0,0,0,4,5,2,8,2022-03-19T16:05:01Z
276,117,Pierre-Emile Hojbjerg,183,74,26,Denmark,Tottenham Hotspur,5,Midfielder,26,0,2425,94.3,26,20,0,2,0,6,2,9,21,2,28,2022-03-19T16:04:59Z
280,118,Moussa Sissoko,183,74,32,France,Watford,19,Midfielder,27,0,2572,96.3,9,23,0,4,0,2,1,6,19,2,48,2022-03-19T16:05:02Z
293,122,Michael Olise,,69,20,France,Crystal Palace,7,Midfielder,22,12,1051,48.8,23,13,0,3,0,5,5,8,17,2,12,2022-03-19T16:05:01Z
305,124,Aaron Lennon,139,65,34,England,Burnley,17,Midfielder,18,6,1128,63.7,11,14,0,2,0,3,0,2,7,2,15,2022-03-19T16:05:03Z
307,125,Vitaly Janelt,172,72,23,Germany,Brentford,27,Midfielder,23,3,1818,80,22,22,0,3,0,3,0,7,17,2,27,2022-03-19T16:05:01Z
308,126,Jordan Henderson,148,72,31,England,Liverpool,14,Midfielder,26,3,2098,81.7,5,17,0,3,0,6,5,6,23,2,17,2022-03-19T16:05:00Z
310,127,Naby Keita,139,68,27,Guinea,Liverpool,8,Midfielder,15,5,869,58.9,6,16,0,1,0,0,1,6,19,2,4,2022-03-19T16:05:00Z
312,128,Christian Norgaard,168,74,28,Denmark,Brentford,6,Midfielder,28,0,2586,93.4,26,44,0,6,0,4,2,5,21,2,41,2022-03-19T16:05:01Z
312,129,Alex Oxlade-Chamberlain,152,71,28,England,Liverpool,15,Midfielder,17,8,826,49.6,3,10,0,0,0,2,1,3,21,2,6,2022-03-19T16:05:00Z
458,138,Stuart Armstrong,163,72,29,Scotland,Southampton,17,Midfielder,16,6,1048,66.5,11,9,0,1,0,2,0,6,29,2,13,2022-03-19T16:05:00Z
551,144,Ryan Fraser,152,64,28,Scotland,Newcastle United,21,Midfielder,24,8,1420,60.2,22,10,0,3,0,4,3,6,22,2,17,2022-03-19T16:05:04Z
559,145,Jonjo Shelvey,174,72,30,England,Newcastle United,8,Midfielder,19,2,1626,86.6,6,15,0,6,1,1,1,8,23,2,21,2022-03-19T16:05:04Z
583,149,N'Golo Kanté,150,66,30,France,Chelsea,7,Midfielder,19,5,1254,67,10,9,0,1,0,5,3,5,10,2,8,2022-03-19T16:04:58Z
584,150,Mateo Kovacic,172,70,27,Croatia,Chelsea,8,Midfielder,20,7,1349,68.4,19,18,0,4,0,3,5,4,17,2,8,2022-03-19T16:04:58Z
52,159,Kenny McLean,152,72,30,Scotland,Norwich City,23,Midfielder,27,2,2508,93.9,33,12,0,2,0,5,0,6,28,1,56,2022-03-19T16:05:02Z
99,162,Nikola Vlasic,159,70,24,Croatia,West Ham United,11,Midfielder,15,10,494,33.9,11,6,0,0,0,0,0,2,5,1,8,2022-03-19T16:04:59Z
108,164,Leander Dendoncker,183,74,26,Belgium,Wolverhampton Wanderers,32,Midfielder,24,9,1537,65,5,12,0,4,0,0,2,7,18,1,13,2022-03-19T16:05:04Z
139,166,Tom Davies,152,71,23,England,Everton,26,Midfielder,5,4,181,37.2,3,2,0,0,0,1,0,2,6,1,5,2022-03-19T16:04:58Z
168,171,Marc Albrighton,161,69,32,England,Leicester City,11,Midfielder,15,5,1068,72.2,13,5,0,2,0,4,1,1,4,1,21,2022-03-19T16:05:05Z
206,175,Anwar El Ghazi,196,74,26,Netherlands,Everton,34,Midfielder,11,7,449,41.8,5,9,0,2,0,0,1,3,9,1,8,2022-03-19T16:04:58Z
213,176,Douglas Luiz,146,69,23,Brazil,Aston Villa,6,Midfielder,25,1,2170,87.8,36,26,0,6,0,3,3,4,18,1,24,2022-03-19T16:05:04Z
249,178,Scott McTominay,192,76,25,Scotland,Manchester United,39,Midfielder,24,2,1983,83.6,26,41,0,8,0,5,1,4,21,1,27,2022-03-19T16:05:01Z
251,179,Paul Pogba,183,75,29,France,Manchester United,6,Midfielder,16,3,1201,76.1,27,34,0,6,1,3,9,6,30,1,17,2022-03-19T16:05:01Z
252,180,Donny van de Beek,168,72,24,Netherlands,Everton,30,Midfielder,14,9,565,41.4,3,9,0,1,0,2,0,1,6,1,10,2022-03-19T16:04:58Z
272,183,Dele Alli,168,74,25,England,Everton,36,Midfielder,16,8,891,56.7,13,17,0,2,0,4,0,3,7,1,17,2022-03-19T16:04:58Z
302,190,Shandon Baptiste,157,69,23,Grenada,Brentford,26,Midfielder,19,10,906,48.7,10,5,0,1,1,0,0,3,11,1,13,2022-03-19T16:05:01Z
305,191,Thiago Alcántara,152,69,30,Spain,Liverpool,6,Midfielder,17,6,1054,63,5,13,0,1,0,0,2,4,17,1,3,2022-03-19T16:05:00Z
309,192,Curtis Jones,163,73,21,England,Liverpool,17,Midfielder,12,5,671,56.9,15,8,0,0,0,1,1,5,12,1,7,2022-03-19T16:05:00Z
336,197,Fernandinho,148,70,36,Brazil,Manchester City,25,Midfielder,13,7,659,51.7,10,10,0,1,0,1,1,1,10,1,7,2022-03-19T16:05:00Z
400,202,Josh Brownhill,150,71,26,England,Burnley,8,Midfielder,24,2,2115,89.1,10,23,0,8,0,8,1,5,19,1,30,2022-03-19T16:05:03Z
436,209,Mark Noble,152,71,34,England,West Ham United,16,Midfielder,5,4,145,30,2,1,0,0,0,0,0,1,1,1,2,2022-03-19T16:04:59Z
437,210,Declan Rice,168,73,23,England,West Ham United,41,Midfielder,27,0,2572,96.3,9,27,0,7,0,6,4,4,19,1,34,2022-03-19T16:04:59Z
466,213,Oriol Romeu,183,72,30,Spain,Southampton,6,Midfielder,27,0,2441,91.4,18,39,0,8,0,3,1,3,20,1,37,2022-03-19T16:05:00Z
489,215,Stuart Dallas,179,72,30,Northern Ireland,Leeds United,15,Midfielder,30,0,2771,93.4,26,25,0,5,0,6,1,7,25,1,63,2022-03-19T16:04:58Z
494,216,Mateusz Klich,183,72,31,Poland,Leeds United,43,Midfielder,25,5,1735,70.4,12,29,0,4,0,5,2,15,34,1,42,2022-03-19T16:04:58Z
518,218,Mathias Normann,163,70,25,Norway,Norwich City,16,Midfielder,16,3,1115,70.7,16,21,0,4,0,2,1,3,18,1,25,2022-03-19T16:05:02Z
552,223,Isaac Hayden,172,73,26,England,Newcastle United,14,Midfielder,14,2,1065,77.1,8,13,0,5,0,1,0,1,5,1,25,2022-03-19T16:05:04Z
555,225,Sean Longstaff,141,71,24,England,Newcastle United,36,Midfielder,18,7,1178,66.4,16,13,0,1,0,2,1,2,13,1,24,2022-03-19T16:05:04Z
556,226,Jacob Murphy,161,70,27,England,Newcastle United,23,Midfielder,24,12,1335,56.6,14,14,0,4,0,2,1,4,23,1,29,2022-03-19T16:05:04Z
579,229,Milot Rashica,161,70,25,Kosovo,Norwich City,17,Midfielder,23,6,1710,75.3,38,19,0,0,0,2,2,10,32,1,37,2022-03-19T16:05:02Z
651,235,Bruno Guimarães,161,72,24,Brazil,Newcastle United,39,Midfielder,8,5,336,43,11,2,0,1,0,1,0,2,10,1,3,2022-03-19T16:05:04Z
673,237,Enock Mwepu,168,72,24,Zambia,Brighton & Hove Albion,12,Midfielder,11,4,681,62.9,9,12,0,1,0,0,3,3,10,1,8,2022-03-19T16:05:02Z
683,238,Juraj Kucka,190,73,35,Slovakia,Watford,33,Midfielder,22,4,1691,77.9,36,33,1,3,1,0,1,9,34,1,26,2022-03-19T16:05:02Z
16,247,Mohamed Elneny,152,71,29,Egypt,Arsenal,25,Midfielder,7,6,210,31,0,2,0,0,0,0,1,0,1,0,6,2022-03-19T16:05:03Z
23,248,Granit Xhaka,181,73,29,Switzerland,Arsenal,34,Midfielder,17,0,1539,91.5,12,17,0,5,1,0,1,0,14,0,21,2022-03-19T16:05:03Z
34,251,Charlie Whitaker,,,18,England,Everton,57,Midfielder,0,0,0,0,0,0,0,0,0,0,0,0,0,0,0,2022-03-19T16:04:58Z
47,263,Saúl Ñíguez,168,72,27,Spain,Chelsea,17,Midfielder,8,4,367,46.9,0,8,0,1,0,0,0,1,2,0,3,2022-03-19T16:04:58Z
48,264,Lewis Hall,,,17,England,Chelsea,75,Midfielder,0,0,0,0,0,0,0,0,0,0,0,0,0,0,0,2022-03-19T16:04:58Z
50,265,Kieran Dowell,152,69,24,England,Norwich City,10,Midfielder,11,7,381,35.6,3,12,0,0,0,1,0,0,3,0,10,2022-03-19T16:05:02Z
52,266,Jacob Lungi Sorensen,,,24,Denmark,Norwich City,19,Midfielder,6,2,399,67.5,1,5,0,0,0,1,0,1,4,0,7,2022-03-19T16:05:02Z
53,267,Lukas Rupp,161,70,31,Germany,Norwich City,7,Midfielder,13,7,622,48.8,7,6,0,0,0,2,0,2,11,0,11,2022-03-19T16:05:02Z
55,269,Harvey Vale,,,18,England,Chelsea,68,Midfielder,0,0,0,0,0,0,0,0,0,0,0,0,0,0,0,2022-03-19T16:04:58Z
56,270,Przemyslaw Placheta,159,70,23,Poland,Norwich City,11,Midfielder,9,3,465,52.7,4,1,0,1,0,2,0,5,7,0,10,2022-03-19T16:05:02Z
56,271,Kenedy,170,72,26,Brazil,Chelsea,23,Midfielder,0,0,0,0,0,0,0,0,0,0,0,0,0,0,0,2022-03-19T16:04:58Z
59,272,Oliver Skipp,152,69,21,England,Tottenham Hotspur,29,Midfielder,18,4,1432,80.6,16,16,0,6,0,0,0,1,5,0,12,2022-03-19T16:04:59Z
68,275,Nohan Kenneh,,,19,England,Leeds United,54,Midfielder,0,0,0,0,0,0,0,1,0,0,0,0,0,0,0,2022-03-19T16:04:58Z
71,276,Stuart Mckinstry,,,19,Scotland,Leeds United,39,Midfielder,1,1,8,9,0,0,0,0,0,0,0,0,0,0,0,2022-03-19T16:04:58Z
87,280,Archie Gray,,,16,England,Leeds United,63,Midfielder,0,0,0,0,0,0,0,0,0,0,0,0,0,0,0,2022-03-19T16:04:58Z
94,282,Alex Král,159,73,23,Czech Republic,West Ham United,33,Midfielder,1,1,6,7,0,0,0,0,0,0,0,0,0,0,0,2022-03-19T16:04:59Z
100,287,Liam McCarron,,69,21,Scotland,Leeds United,45,Midfielder,1,1,12,13,0,0,0,0,0,0,0,0,0,0,1,2022-03-19T16:04:58Z
103,290,Daniel Chesters,,,19,England,West Ham United,51,Midfielder,1,1,4,5,0,0,0,0,0,0,0,0,0,0,0,2022-03-19T16:04:59Z
107,293,Luke Cundle,,,19,England,Wolverhampton Wanderers,39,Midfielder,2,1,85,43.5,1,2,0,0,0,0,0,0,0,0,0,2022-03-19T16:05:04Z
117,296,Sonny Perkins,,,18,England,West Ham United,64,Midfielder,1,1,8,9,0,0,0,0,0,0,0,0,0,0,0,2022-03-19T16:04:59Z
136,308,Allan,161,68,31,Brazil,Everton,6,Midfielder,23,1,2031,89.3,21,28,0,6,1,4,2,3,6,0,33,2022-03-19T16:04:58Z
140,311,Fabian Delph,130,69,32,England,Everton,8,Midfielder,6,3,265,45.2,2,5,0,1,0,0,0,0,1,0,4,2022-03-19T16:04:58Z
143,312,André Gomes,183,74,28,Portugal,Everton,21,Midfielder,12,7,566,48.2,8,21,0,3,0,0,1,1,11,0,11,2022-03-19T16:04:58Z
147,314,Tyler Onyango,,75,19,England,Everton,62,Midfielder,3,3,40,14.3,0,0,0,0,0,0,0,0,1,0,0,2022-03-19T16:04:58Z
158,321,Rodrigo Bentancur,159,74,24,Uruguay,Tottenham Hotspur,30,Midfielder,7,1,555,80.3,6,8,0,1,0,0,1,0,3,0,9,2022-03-19T16:04:59Z
161,322,Ryan Sessegnon,152,70,21,England,Tottenham Hotspur,19,Midfielder,9,2,554,62.6,6,12,0,1,0,1,1,1,4,0,9,2022-03-19T16:04:59Z
166,325,Harvey White,,,20,England,Tottenham Hotspur,42,Midfielder,0,0,0,0,0,0,0,0,0,0,0,0,0,0,0,2022-03-19T16:04:59Z
170,327,Hamza Choudhury,139,70,24,England,Leicester City,20,Midfielder,5,1,298,60.6,5,4,0,1,0,0,0,0,1,0,4,2022-03-19T16:05:05Z
176,328,Nampalys Mendy,161,66,29,Senegal,Leicester City,24,Midfielder,2,1,79,40.5,2,1,0,0,0,0,0,0,0,0,2,2022-03-19T16:05:05Z
177,329,Wilfred Ndidi,161,72,25,Nigeria,Leicester City,25,Midfielder,19,1,1701,90.5,22,30,0,4,0,3,0,4,12,0,25,2022-03-19T16:05:05Z
201,333,Carney Chukwuemeka,,,18,England,Aston Villa,33,Midfielder,9,8,238,27.4,5,1,0,0,0,0,1,1,3,0,3,2022-03-19T16:05:04Z
203,334,Ross Barkley,168,74,28,England,Chelsea,18,Midfielder,5,4,171,35.2,3,2,0,0,0,0,0,1,6,0,1,2022-03-19T16:04:58Z
204,335,Lamar Bogarde,,,18,Netherlands,Aston Villa,36,Midfielder,0,0,0,0,0,0,0,0,0,0,0,0,0,0,0,2022-03-19T16:05:04Z
205,336,Benjamin Chrisene,,,18,England,Aston Villa,45,Midfielder,0,0,0,0,0,0,0,0,0,0,0,0,0,0,0,2022-03-19T16:05:04Z
213,337,Marvelous Nakamba,157,70,28,Zimbabwe,Aston Villa,19,Midfielder,12,4,812,68.7,9,13,0,4,0,0,0,0,0,0,16,2022-03-19T16:05:04Z
221,343,Morgan Sanson,161,71,27,France,Aston Villa,8,Midfielder,9,7,315,36,12,3,0,0,0,0,0,0,1,0,6,2022-03-19T16:05:04Z
232,348,Harvey Elliott,,67,18,England,Liverpool,67,Midfielder,5,2,295,60,6,1,0,0,0,2,0,1,7,0,1,2022-03-19T16:05:00Z
232,349,Conor Bradley,,,18,Northern Ireland,Liverpool,84,Midfielder,0,0,0,0,0,0,0,0,0,0,0,0,0,0,0,2022-03-19T16:05:00Z
240,354,Tyler Morton,,,19,England,Liverpool,80,Midfielder,2,1,70,36,0,1,0,1,0,0,0,0,0,0,1,2022-03-19T16:05:00Z
247,358,Juan Mata,139,67,33,Spain,Manchester United,8,Midfielder,0,0,0,0,0,0,0,0,0,0,0,0,0,0,0,2022-03-19T16:05:01Z
248,359,Nemanja Matic,185,76,33,Serbia,Manchester United,31,Midfielder,15,5,975,66,3,16,0,2,0,2,2,1,5,0,14,2022-03-19T16:05:01Z
263,363,Hannibal Mejbri,,70,19,Tunisia,Manchester United,46,Midfielder,0,0,0,0,0,0,0,0,0,0,0,0,0,0,0,2022-03-19T16:05:01Z
273,369,Alfie Devine,163,70,17,England,Tottenham Hotspur,45,Midfielder,0,0,0,0,0,0,0,0,0,0,0,0,0,0,0,2022-03-19T16:04:59Z
275,371,Romeo Lavia,,,18,Belgium,Manchester City,90,Midfielder,0,0,0,0,0,0,0,0,0,0,0,0,0,0,0,2022-03-19T16:05:00Z
281,373,Harry Winks,141,70,26,England,Tottenham Hotspur,8,Midfielder,14,5,906,65.7,13,8,0,2,0,3,1,1,1,0,13,2022-03-19T16:04:59Z
284,374,James Mcatee,,,19,England,Manchester City,87,Midfielder,2,2,25,13.5,0,1,0,0,0,0,0,0,1,0,0,2022-03-19T16:05:00Z
304,390,Albert Sambi Lokonga,148,68,22,Belgium,Arsenal,23,Midfielder,14,4,968,70.1,11,10,0,4,0,0,0,6,16,0,8,2022-03-19T16:05:03Z
304,391,Josh Dasilva,163,72,23,England,Brentford,10,Midfielder,4,2,145,37.2,2,3,0,0,1,0,0,0,0,0,4,2022-03-19T16:05:01Z
305,392,Tarique Fosu-Henry,163,71,26,Ghana,Brentford,24,Midfielder,0,0,0,0,0,0,0,0,0,0,0,0,0,0,0,2022-03-19T16:05:01Z
306,393,Maxwell Haygarth,,,20,England,Brentford,37,Midfielder,0,0,0,0,0,0,0,0,0,0,0,0,0,0,0,2022-03-19T16:05:01Z
308,394,Mathias Jensen,150,71,26,Denmark,Brentford,8,Midfielder,22,8,1210,56,3,12,0,0,0,5,1,3,10,0,24,2022-03-19T16:05:01Z
309,396,Paris Maghoma,,,20,England,Brentford,33,Midfielder,0,0,0,0,0,0,0,0,0,0,0,0,0,0,0,2022-03-19T16:05:01Z
311,397,James Milner,152,69,36,England,Liverpool,7,Midfielder,19,12,693,37.5,12,14,0,2,0,2,1,1,7,0,5,2022-03-19T16:05:00Z
338,411,Frank Onyeka,,72,24,Nigeria,Brentford,15,Midfielder,20,8,1102,56.1,25,32,0,4,0,0,0,4,14,0,18,2022-03-19T16:05:01Z
342,413,Myles Peart-Harris,,,19,England,Brentford,25,Midfielder,0,0,0,0,0,0,0,0,0,0,0,0,0,0,0,2022-03-19T16:05:01Z
344,414,Cole Palmer,,,19,England,Manchester City,80,Midfielder,4,3,130,33.5,1,1,0,0,0,0,0,1,4,0,0,2022-03-19T16:05:00Z
348,416,Moises Caicedo,161,70,20,Ecuador,Brighton & Hove Albion,25,Midfielder,0,0,0,0,0,0,0,0,0,0,0,0,0,0,0,2022-03-19T16:05:02Z
363,422,Steven Alzate,163,71,23,Colombia,Brighton & Hove Albion,17,Midfielder,9,4,425,48.2,4,6,0,0,0,0,0,1,1,0,8,2022-03-19T16:05:02Z
364,423,Yves Bissouma,174,72,25,Mali,Brighton & Hove Albion,8,Midfielder,20,1,1722,87.1,14,22,0,8,0,1,1,2,18,0,26,2022-03-19T16:05:02Z
365,424,Salah-Edine Oulad M'Hand,,,18,Netherlands,Arsenal,65,Midfielder,0,0,0,0,0,0,0,0,0,0,0,0,0,0,0,2022-03-19T16:05:03Z
366,425,Pascal Groß,172,71,30,Germany,Brighton & Hove Albion,13,Midfielder,20,3,1430,72.5,4,6,0,0,0,6,3,2,14,0,18,2022-03-19T16:05:02Z
370,426,Adam Lallana,161,68,33,England,Brighton & Hove Albion,14,Midfielder,21,3,1600,77.2,17,11,0,4,0,1,1,4,18,0,18,2022-03-19T16:05:02Z
372,427,Solly March,192,71,27,England,Brighton & Hove Albion,20,Midfielder,23,12,1346,59.5,18,21,0,1,0,0,1,6,15,0,19,2022-03-19T16:05:02Z
373,428,Jakub Moder,172,74,22,Poland,Brighton & Hove Albion,15,Midfielder,27,8,1804,67.8,11,18,0,2,0,2,3,5,27,0,23,2022-03-19T16:05:02Z
381,430,Omari Hutchinson,,,18,England,Arsenal,82,Midfielder,0,0,0,0,0,0,0,0,0,0,0,0,0,0,0,2022-03-19T16:05:03Z
385,432,Lewis Brunt,,,21,England,Leicester City,62,Midfielder,0,0,0,0,0,0,0,0,0,0,0,0,0,0,0,2022-03-19T16:05:05Z
385,433,Christian Eriksen,168,72,30,Denmark,Brentford,21,Midfielder,3,1,238,80.3,0,1,0,1,0,1,1,1,3,0,1,2022-03-19T16:05:01Z
401,441,Jack Cork,152,72,32,England,Burnley,4,Midfielder,11,0,913,84,2,21,0,2,0,3,0,0,3,0,14,2022-03-19T16:05:03Z
403,442,Johann Gudmundsson,172,73,31,Iceland,Burnley,7,Midfielder,18,5,1143,64.5,14,15,0,2,0,3,1,4,16,0,18,2022-03-19T16:05:03Z
405,443,Dwight McNeil,150,72,22,England,Burnley,11,Midfielder,27,1,2447,91.6,27,12,0,1,0,3,1,10,35,0,36,2022-03-19T16:05:03Z
406,444,Dale Stephens,157,67,32,England,Burnley,16,Midfielder,2,1,129,65.5,0,5,0,1,0,0,0,0,1,0,0,2022-03-19T16:05:03Z
407,445,Ashley Westwood,174,69,31,England,Burnley,18,Midfielder,23,1,2080,91.4,21,27,0,7,0,12,3,0,8,0,33,2022-03-19T16:05:03Z
424,453,Kieran Dewsbury-Hall,,,23,England,Leicester City,22,Midfielder,17,5,1226,73.1,14,13,0,2,0,4,1,1,13,0,18,2022-03-19T16:05:05Z
433,456,Boubakary Soumaré,152,74,23,France,Leicester City,42,Midfielder,17,6,1089,65.1,16,13,0,0,0,1,1,2,6,0,23,2022-03-19T16:05:05Z
459,468,Kgagelo Chauke,,,19,England,Southampton,72,Midfielder,0,0,0,0,0,0,0,0,0,0,0,0,0,0,0,2022-03-19T16:05:00Z
460,469,Ibrahima Diallo,150,70,23,France,Southampton,27,Midfielder,18,12,836,47.4,11,6,0,0,0,1,2,3,7,0,14,2022-03-19T16:05:00Z
461,470,Moussa Djenepo,141,70,23,Mali,Southampton,19,Midfielder,11,6,478,44.5,10,9,0,3,0,0,0,1,10,0,7,2022-03-19T16:05:00Z
465,471,Nathan Redmond,150,68,28,England,Southampton,11,Midfielder,20,5,1456,73.8,11,12,0,0,0,1,5,5,20,0,21,2022-03-19T16:05:00Z
467,472,William Smallbone,,,22,England,Southampton,20,Midfielder,2,0,115,58.5,1,1,0,0,0,1,0,0,1,0,4,2022-03-19T16:05:00Z
468,473,Nathan Tella,,,22,England,Southampton,23,Midfielder,10,3,602,61.2,16,13,0,1,0,1,0,4,10,0,13,2022-03-19T16:05:00Z
468,474,Edo Kayembe,170,72,23,,Watford,39,Midfielder,7,2,446,64.7,2,3,0,0,0,0,0,0,2,0,7,2022-03-19T16:05:02Z
490,483,Adam Forshaw,157,69,30,England,Leeds United,4,Midfielder,21,5,1540,74.3,15,25,0,5,0,4,1,3,12,0,40,2022-03-19T16:04:58Z
493,485,Jack Jenkins,,,19,England,Leeds United,47,Midfielder,0,0,0,0,0,0,0,0,0,0,0,0,0,0,0,2022-03-19T16:04:58Z
495,486,Kalvin Phillips,159,70,26,England,Leeds United,23,Midfielder,12,0,1059,89.2,13,23,0,2,0,1,1,1,12,0,13,2022-03-19T16:04:58Z
496,487,Jamie Shackleton,141,66,22,England,Leeds United,46,Midfielder,13,6,733,57.4,6,13,0,4,0,0,0,1,4,0,13,2022-03-19T16:04:58Z
510,491,Liam Gibbs,,,19,England,Norwich City,42,Midfielder,0,0,0,0,0,0,0,0,0,0,0,0,0,0,0,2022-03-19T16:05:02Z
517,492,Charlie Patino,,,18,England,Arsenal,87,Midfielder,0,0,0,0,0,0,0,0,0,0,0,0,0,0,0,2022-03-19T16:05:03Z
541,503,Lucas De Bolle,,,19,England,Newcastle United,50,Midfielder,0,0,0,0,0,0,0,0,0,0,0,0,0,0,0,2022-03-19T16:05:04Z
548,507,Miguel Almirón,152,69,28,Paraguay,Newcastle United,24,Midfielder,22,9,1214,56.2,17,11,0,1,0,1,0,4,16,0,26,2022-03-19T16:05:04Z
557,510,Matt Ritchie,168,68,32,Scotland,Newcastle United,11,Midfielder,16,2,1398,88.4,8,13,0,5,0,3,2,1,10,0,36,2022-03-19T16:05:04Z
566,516,Lewis Bate,,,19,England,Leeds United,26,Midfielder,1,1,43,44,0,1,0,0,0,0,0,0,0,0,2,2022-03-19T16:04:58Z
571,519,Tim Iroegbunam,,,19,England,Aston Villa,47,Midfielder,1,1,8,9,0,0,0,0,0,0,0,0,0,0,0,2022-03-19T16:05:04Z
573,522,Marc Leonard,,,20,Scotland,Brighton & Hove Albion,42,Midfielder,0,0,0,0,0,0,0,0,0,0,0,0,0,0,0,2022-03-19T16:05:02Z
573,523,Tommi O'Reilly,,,18,England,Aston Villa,58,Midfielder,0,0,0,0,0,0,0,0,0,0,0,0,0,0,0,2022-03-19T16:05:04Z
579,524,Josh Feeney,,,16,England,Aston Villa,59,Midfielder,0,0,0,0,0,0,0,0,0,0,0,0,0,0,0,2022-03-19T16:05:04Z
581,525,Billy Gilmour,130,65,20,Scotland,Norwich City,8,Midfielder,18,2,1476,83,17,19,0,2,0,2,1,2,13,0,40,2022-03-19T16:05:02Z
588,527,Pierre Lees-Melou,150,73,28,France,Norwich City,20,Midfielder,24,6,1711,72.3,19,27,0,4,0,1,0,6,22,0,36,2022-03-19T16:05:02Z
612,535,Ruben Loftus-Cheek,192,75,26,England,Chelsea,12,Midfielder,15,8,843,57.2,22,13,0,1,0,0,2,3,14,0,10,2022-03-19T16:04:58Z
639,545,Eberechi Eze,,,23,England,Crystal Palace,10,Midfielder,6,5,165,28.5,1,3,0,1,0,1,0,0,2,0,3,2022-03-19T16:05:01Z
641,546,Cheikhou Kouyaté,183,74,32,Senegal,Crystal Palace,8,Midfielder,22,3,1753,80.7,19,22,0,2,0,0,1,0,6,0,24,2022-03-19T16:05:01Z
642,548,James McArthur,163,70,34,Scotland,Crystal Palace,18,Midfielder,15,2,1226,82.7,16,19,0,3,0,1,2,2,6,0,13,2022-03-19T16:05:01Z
644,549,Luka Milivojevic,174,73,30,Serbia,Crystal Palace,4,Midfielder,12,4,677,57.4,9,10,1,1,0,0,0,1,8,0,11,2022-03-19T16:05:01Z
645,550,Jairo Riedewald,172,72,25,Netherlands,Crystal Palace,44,Midfielder,3,2,124,42.3,0,1,0,0,0,0,0,0,0,0,5,2022-03-19T16:05:01Z
674,564,Tom Cleverley,148,69,32,England,Watford,8,Midfielder,23,6,1423,62.9,13,24,0,2,0,2,2,7,11,0,27,2022-03-19T16:05:02Z
677,565,Will Hughes,161,73,26,England,Crystal Palace,12,Midfielder,12,2,850,71.8,11,11,0,3,0,1,1,0,2,0,14,2022-03-19T16:05:01Z
678,566,Imran Louza,141,70,22,Morocco,Watford,6,Midfielder,15,3,1042,70.5,11,18,0,4,0,0,0,1,9,0,25,2022-03-19T16:05:02Z
682,567,Ken Sema,150,71,28,Sweden,Watford,12,Midfielder,14,10,631,46.1,1,13,0,1,0,0,0,1,2,0,9,2022-03-19T16:05:02Z
686,568,Peter Etebo,152,68,26,Nigeria,Watford,4,Midfielder,7,3,418,60.7,3,7,0,3,0,1,0,0,3,0,6,2022-03-19T16:05:02Z
689,569,Kwadwo Baah,,,19,Germany,Watford,34,Midfielder,0,0,0,0,0,0,0,0,0,0,0,0,0,0,0,2022-03-19T16:05:02Z
716,572,Dan Gosling,172,72,32,England,Watford,16,Midfielder,1,1,29,30,0,0,0,0,0,0,0,0,0,0,2,2022-03-19T16:05:02Z
717,573,Crysencio Summerville,,69,20,Netherlands,Leeds United,38,Midfielder,5,5,144,29.8,1,1,0,0,0,0,0,0,2,0,1,2022-03-19T16:04:58Z
717,575,Jesurun Rak-Sakyi,,,19,England,Crystal Palace,49,Midfielder,1,1,17,18,0,0,0,0,0,0,0,0,0,0,0,2022-03-19T16:05:01Z
